{"cameraMode":{"drawMode":0,"name":"Shaded","section":"Shading Mode"},"sceneLighting":false,"audioPlay":false,"sceneViewState":{"m_AlwaysRefresh":false,"showFog":true,"showSkybox":true,"showFlares":true,"showImageEffects":true,"showParticleSystems":true,"showVisualEffectGraphs":true,"m_FxEnabled":true},"in2DMode":false,"pivot":{"x":-0.021853484213352205,"y":-3.107573986053467,"z":0.5228531956672669},"rotation":{"x":-0.0008504364523105323,"y":-0.9964737892150879,"z":0.0832972303032875,"w":-0.010168218985199929},"size":15.462944030761719,"orthographic":false}