{"cameraMode":{"drawMode":0,"name":"Shaded","section":"Shading Mode"},"sceneLighting":false,"audioPlay":false,"sceneViewState":{"m_AlwaysRefresh":false,"showFog":true,"showSkybox":true,"showFlares":true,"showImageEffects":true,"showParticleSystems":true,"showVisualEffectGraphs":true,"m_FxEnabled":true},"in2DMode":false,"pivot":{"x":56.557334899902347,"y":28.091707229614259,"z":-0.45195770263671877},"rotation":{"x":0.014996136538684368,"y":0.020996036008000375,"z":-0.0003149629628751427,"w":0.9996675252914429},"size":51.48816680908203,"orthographic":false}